DateKey,InvoiceDate,order_year,order_quarter,order_month,order_month_name,order_week,order_day,order_day_name,order_hour
5,12/1/2009 9:24:00,2009,4,12,December,48,1,Tuesday,9
15,12/1/2009 10:18:00,2009,4,12,December,48,1,Tuesday,10
312,12/3/2009 14:00:00,2009,4,12,December,48,3,Thursday,14
367,12/3/2009 18:30:00,2009,4,12,December,48,3,Thursday,18
396,12/4/2009 11:22:00,2009,4,12,December,48,4,Friday,11
424,12/4/2009 13:23:00,2009,4,12,December,48,4,Friday,13
449,12/4/2009 15:30:00,2009,4,12,December,48,4,Friday,15
469,12/4/2009 17:31:00,2009,4,12,December,48,4,Friday,17
471,12/5/2009 10:25:00,2009,4,12,December,48,5,Saturday,10
534,12/6/2009 13:05:00,2009,4,12,December,49,6,Sunday,13
554,12/6/2009 14:12:00,2009,4,12,December,49,6,Sunday,14
575,12/6/2009 15:48:00,2009,4,12,December,49,6,Sunday,15
630,12/7/2009 13:17:00,2009,4,12,December,49,7,Monday,13
708,12/8/2009 11:27:00,2009,4,12,December,49,8,Tuesday,11
719,12/8/2009 12:25:00,2009,4,12,December,49,8,Tuesday,12
721,12/8/2009 12:29:00,2009,4,12,December,49,8,Tuesday,12
733,12/8/2009 12:58:00,2009,4,12,December,49,8,Tuesday,12
800,12/8/2009 17:30:00,2009,4,12,December,49,8,Tuesday,17
831,12/9/2009 8:58:00,2009,4,12,December,49,9,Wednesday,8
856,12/9/2009 12:18:00,2009,4,12,December,49,9,Wednesday,12
935,12/10/2009 10:47:00,2009,4,12,December,49,10,Thursday,10
984,12/10/2009 15:27:00,2009,4,12,December,49,10,Thursday,15
1003,12/10/2009 17:04:00,2009,4,12,December,49,10,Thursday,17
1106,12/11/2009 13:49:00,2009,4,12,December,49,11,Friday,13
1192,12/13/2009 15:16:00,2009,4,12,December,50,13,Sunday,15
1237,12/14/2009 12:37:00,2009,4,12,December,50,14,Monday,12
1261,12/14/2009 14:13:00,2009,4,12,December,50,14,Monday,14
1318,12/15/2009 10:21:00,2009,4,12,December,50,15,Tuesday,10
1327,12/15/2009 11:26:00,2009,4,12,December,50,15,Tuesday,11
1500,12/17/2009 10:08:00,2009,4,12,December,50,17,Thursday,10
1507,12/17/2009 10:52:00,2009,4,12,December,50,17,Thursday,10
1512,12/17/2009 11:07:00,2009,4,12,December,50,17,Thursday,11
1534,12/17/2009 12:46:00,2009,4,12,December,50,17,Thursday,12
1546,12/17/2009 13:38:00,2009,4,12,December,50,17,Thursday,13
1848,12/22/2009 15:12:00,2009,4,12,December,51,22,Tuesday,15
1996,1/7/2010 11:53:00,2010,1,1,January,1,7,Thursday,11
2061,1/8/2010 10:08:00,2010,1,1,January,1,8,Friday,10
2126,1/10/2010 14:02:00,2010,1,1,January,2,10,Sunday,14
2262,1/13/2010 14:59:00,2010,1,1,January,2,13,Wednesday,14
2305,1/14/2010 12:15:00,2010,1,1,January,2,14,Thursday,12
2325,1/14/2010 14:29:00,2010,1,1,January,2,14,Thursday,14
2333,1/14/2010 15:24:00,2010,1,1,January,2,14,Thursday,15
2345,1/14/2010 17:21:00,2010,1,1,January,2,14,Thursday,17
2350,1/14/2010 17:59:00,2010,1,1,January,2,14,Thursday,17
2401,1/15/2010 15:40:00,2010,1,1,January,2,15,Friday,15
2422,1/17/2010 12:28:00,2010,1,1,January,3,17,Sunday,12
2437,1/17/2010 14:50:00,2010,1,1,January,3,17,Sunday,14
2517,1/19/2010 13:09:00,2010,1,1,January,3,19,Tuesday,13
2539,1/19/2010 17:49:00,2010,1,1,January,3,19,Tuesday,17
2586,1/20/2010 14:03:00,2010,1,1,January,3,20,Wednesday,14
2773,1/25/2010 10:26:00,2010,1,1,January,4,25,Monday,10
2848,1/26/2010 12:29:00,2010,1,1,January,4,26,Tuesday,12
2871,1/26/2010 14:44:00,2010,1,1,January,4,26,Tuesday,14
3080,1/29/2010 10:51:00,2010,1,1,January,4,29,Friday,10
3100,1/29/2010 12:39:00,2010,1,1,January,4,29,Friday,12
3149,1/31/2010 11:38:00,2010,1,1,January,5,31,Sunday,11
3267,2/2/2010 8:57:00,2010,1,2,February,5,2,Tuesday,8
3286,2/2/2010 12:47:00,2010,1,2,February,5,2,Tuesday,12
3290,2/2/2010 13:33:00,2010,1,2,February,5,2,Tuesday,13
3331,2/3/2010 10:35:00,2010,1,2,February,5,3,Wednesday,10
3386,2/4/2010 12:22:00,2010,1,2,February,5,4,Thursday,12
3426,2/4/2010 18:39:00,2010,1,2,February,5,4,Thursday,18
3427,2/4/2010 19:24:00,2010,1,2,February,5,4,Thursday,19
3481,2/5/2010 15:56:00,2010,1,2,February,5,5,Friday,15
3548,2/8/2010 12:24:00,2010,1,2,February,6,8,Monday,12
3567,2/8/2010 14:01:00,2010,1,2,February,6,8,Monday,14
3627,2/9/2010 13:18:00,2010,1,2,February,6,9,Tuesday,13
3659,2/10/2010 11:34:00,2010,1,2,February,6,10,Wednesday,11
3660,2/10/2010 11:46:00,2010,1,2,February,6,10,Wednesday,11
3667,2/10/2010 13:04:00,2010,1,2,February,6,10,Wednesday,13
3774,2/12/2010 15:27:00,2010,1,2,February,6,12,Friday,15
3804,2/14/2010 12:52:00,2010,1,2,February,7,14,Sunday,12
3894,2/16/2010 12:13:00,2010,1,2,February,7,16,Tuesday,12
3911,2/16/2010 13:39:00,2010,1,2,February,7,16,Tuesday,13
3948,2/17/2010 10:24:00,2010,1,2,February,7,17,Wednesday,10
3974,2/17/2010 14:09:00,2010,1,2,February,7,17,Wednesday,14
3992,2/17/2010 16:55:00,2010,1,2,February,7,17,Wednesday,16
3995,2/18/2010 8:57:00,2010,1,2,February,7,18,Thursday,8
4044,2/18/2010 14:48:00,2010,1,2,February,7,18,Thursday,14
4202,2/22/2010 12:44:00,2010,1,2,February,8,22,Monday,12
4247,2/23/2010 11:14:00,2010,1,2,February,8,23,Tuesday,11
4256,2/23/2010 11:49:00,2010,1,2,February,8,23,Tuesday,11
4261,2/23/2010 12:16:00,2010,1,2,February,8,23,Tuesday,12
4392,2/25/2010 13:40:00,2010,1,2,February,8,25,Thursday,13
4401,2/25/2010 15:13:00,2010,1,2,February,8,25,Thursday,15
4578,3/1/2010 13:41:00,2010,1,3,March,9,1,Monday,13
4615,3/2/2010 11:46:00,2010,1,3,March,9,2,Tuesday,11
4621,3/2/2010 12:20:00,2010,1,3,March,9,2,Tuesday,12
4623,3/2/2010 12:29:00,2010,1,3,March,9,2,Tuesday,12
4645,3/2/2010 14:48:00,2010,1,3,March,9,2,Tuesday,14
4794,3/4/2010 12:41:00,2010,1,3,March,9,4,Thursday,12
4803,3/4/2010 14:05:00,2010,1,3,March,9,4,Thursday,14
4906,3/5/2010 16:39:00,2010,1,3,March,9,5,Friday,16
5047,3/9/2010 7:35:00,2010,1,3,March,10,9,Tuesday,7
5107,3/9/2010 15:56:00,2010,1,3,March,10,9,Tuesday,15
5128,3/10/2010 10:33:00,2010,1,3,March,10,10,Wednesday,10
5199,3/11/2010 10:52:00,2010,1,3,March,10,11,Thursday,10
5252,3/12/2010 10:41:00,2010,1,3,March,10,12,Friday,10
5268,3/12/2010 14:31:00,2010,1,3,March,10,12,Friday,14
5283,3/14/2010 10:33:00,2010,1,3,March,11,14,Sunday,10
5356,3/15/2010 15:33:00,2010,1,3,March,11,15,Monday,15
5455,3/16/2010 16:18:00,2010,1,3,March,11,16,Tuesday,16
5464,3/17/2010 9:43:00,2010,1,3,March,11,17,Wednesday,9
5496,3/17/2010 14:55:00,2010,1,3,March,11,17,Wednesday,14
5559,3/18/2010 13:08:00,2010,1,3,March,11,18,Thursday,13
5601,3/19/2010 9:25:00,2010,1,3,March,11,19,Friday,9
5699,3/21/2010 12:26:00,2010,1,3,March,12,21,Sunday,12
5797,3/22/2010 15:45:00,2010,1,3,March,12,22,Monday,15
5813,3/22/2010 18:00:00,2010,1,3,March,12,22,Monday,18
5815,3/23/2010 8:55:00,2010,1,3,March,12,23,Tuesday,8
5821,3/23/2010 9:57:00,2010,1,3,March,12,23,Tuesday,9
5869,3/23/2010 15:10:00,2010,1,3,March,12,23,Tuesday,15
5876,3/23/2010 15:28:00,2010,1,3,March,12,23,Tuesday,15
5889,3/23/2010 16:39:00,2010,1,3,March,12,23,Tuesday,16
5929,3/24/2010 10:30:00,2010,1,3,March,12,24,Wednesday,10
5975,3/24/2010 14:14:00,2010,1,3,March,12,24,Wednesday,14
6011,3/25/2010 11:32:00,2010,1,3,March,12,25,Thursday,11
6037,3/25/2010 13:49:00,2010,1,3,March,12,25,Thursday,13
6052,3/25/2010 15:11:00,2010,1,3,March,12,25,Thursday,15
6054,3/25/2010 15:17:00,2010,1,3,March,12,25,Thursday,15
6083,3/26/2010 9:10:00,2010,1,3,March,12,26,Friday,9
6132,3/26/2010 14:11:00,2010,1,3,March,12,26,Friday,14
6155,3/28/2010 10:33:00,2010,1,3,March,13,28,Sunday,10
6213,3/29/2010 10:08:00,2010,1,3,March,13,29,Monday,10
6214,3/29/2010 10:10:00,2010,1,3,March,13,29,Monday,10
6263,3/29/2010 14:54:00,2010,1,3,March,13,29,Monday,14
6351,3/30/2010 15:38:00,2010,1,3,March,13,30,Tuesday,15
6414,3/31/2010 12:19:00,2010,1,3,March,13,31,Wednesday,12
6441,3/31/2010 14:20:00,2010,1,3,March,13,31,Wednesday,14
6467,4/1/2010 9:50:00,2010,2,4,April,13,1,Thursday,9
6473,4/1/2010 10:33:00,2010,2,4,April,13,1,Thursday,10
6504,4/1/2010 14:04:00,2010,2,4,April,13,1,Thursday,14
6551,4/6/2010 9:58:00,2010,2,4,April,14,6,Tuesday,9
6644,4/7/2010 14:59:00,2010,2,4,April,14,7,Wednesday,14
6645,4/7/2010 15:02:00,2010,2,4,April,14,7,Wednesday,15
6653,4/7/2010 16:11:00,2010,2,4,April,14,7,Wednesday,16
6689,4/8/2010 12:09:00,2010,2,4,April,14,8,Thursday,12
6747,4/9/2010 9:54:00,2010,2,4,April,14,9,Friday,9
6788,4/9/2010 16:05:00,2010,2,4,April,14,9,Friday,16
6800,4/11/2010 11:17:00,2010,2,4,April,15,11,Sunday,11
6930,4/13/2010 11:03:00,2010,2,4,April,15,13,Tuesday,11
7031,4/14/2010 14:02:00,2010,2,4,April,15,14,Wednesday,14
7099,4/15/2010 15:26:00,2010,2,4,April,15,15,Thursday,15
7109,4/15/2010 16:03:00,2010,2,4,April,15,15,Thursday,16
7138,4/16/2010 10:03:00,2010,2,4,April,15,16,Friday,10
7139,4/16/2010 10:16:00,2010,2,4,April,15,16,Friday,10
7159,4/16/2010 13:17:00,2010,2,4,April,15,16,Friday,13
7246,4/19/2010 10:53:00,2010,2,4,April,16,19,Monday,10
7332,4/20/2010 12:01:00,2010,2,4,April,16,20,Tuesday,12
7431,4/21/2010 15:42:00,2010,2,4,April,16,21,Wednesday,15
7472,4/22/2010 10:27:00,2010,2,4,April,16,22,Thursday,10
7492,4/22/2010 11:51:00,2010,2,4,April,16,22,Thursday,11
7512,4/22/2010 13:21:00,2010,2,4,April,16,22,Thursday,13
7583,4/23/2010 11:44:00,2010,2,4,April,16,23,Friday,11
7645,4/25/2010 13:28:00,2010,2,4,April,17,25,Sunday,13
7655,4/25/2010 14:19:00,2010,2,4,April,17,25,Sunday,14
7700,4/26/2010 11:15:00,2010,2,4,April,17,26,Monday,11
7770,4/27/2010 9:44:00,2010,2,4,April,17,27,Tuesday,9
7831,4/27/2010 16:15:00,2010,2,4,April,17,27,Tuesday,16
7930,4/29/2010 10:11:00,2010,2,4,April,17,29,Thursday,10
7933,4/29/2010 10:24:00,2010,2,4,April,17,29,Thursday,10
7997,4/29/2010 16:28:00,2010,2,4,April,17,29,Thursday,16
8034,4/30/2010 10:29:00,2010,2,4,April,17,30,Friday,10
8050,4/30/2010 11:06:00,2010,2,4,April,17,30,Friday,11
8142,5/4/2010 9:15:00,2010,2,5,May,18,4,Tuesday,9
8178,5/4/2010 12:51:00,2010,2,5,May,18,4,Tuesday,12
8187,5/4/2010 13:39:00,2010,2,5,May,18,4,Tuesday,13
8454,5/7/2010 12:56:00,2010,2,5,May,18,7,Friday,12
8462,5/7/2010 13:57:00,2010,2,5,May,18,7,Friday,13
8471,5/7/2010 14:47:00,2010,2,5,May,18,7,Friday,14
8625,5/10/2010 15:08:00,2010,2,5,May,19,10,Monday,15
8715,5/12/2010 9:24:00,2010,2,5,May,19,12,Wednesday,9
8732,5/12/2010 11:55:00,2010,2,5,May,19,12,Wednesday,11
8736,5/12/2010 12:20:00,2010,2,5,May,19,12,Wednesday,12
8816,5/13/2010 13:11:00,2010,2,5,May,19,13,Thursday,13
8913,5/14/2010 14:34:00,2010,2,5,May,19,14,Friday,14
8916,5/14/2010 14:46:00,2010,2,5,May,19,14,Friday,14
9032,5/17/2010 15:18:00,2010,2,5,May,20,17,Monday,15
9047,5/17/2010 17:01:00,2010,2,5,May,20,17,Monday,17
9163,5/19/2010 12:16:00,2010,2,5,May,20,19,Wednesday,12
9182,5/19/2010 14:23:00,2010,2,5,May,20,19,Wednesday,14
9187,5/19/2010 15:10:00,2010,2,5,May,20,19,Wednesday,15
9248,5/20/2010 13:56:00,2010,2,5,May,20,20,Thursday,13
9316,5/21/2010 12:31:00,2010,2,5,May,20,21,Friday,12
9367,5/23/2010 11:54:00,2010,2,5,May,21,23,Sunday,11
9553,5/26/2010 9:24:00,2010,2,5,May,21,26,Wednesday,9
9568,5/26/2010 10:48:00,2010,2,5,May,21,26,Wednesday,10
9652,5/27/2010 10:48:00,2010,2,5,May,21,27,Thursday,10
9680,5/27/2010 12:34:00,2010,2,5,May,21,27,Thursday,12
9720,5/27/2010 18:19:00,2010,2,5,May,21,27,Thursday,18
9748,5/28/2010 8:39:00,2010,2,5,May,21,28,Friday,8
9762,5/28/2010 10:04:00,2010,2,5,May,21,28,Friday,10
9789,5/28/2010 12:57:00,2010,2,5,May,21,28,Friday,12
9905,6/2/2010 10:31:00,2010,2,6,June,22,2,Wednesday,10
9921,6/2/2010 13:25:00,2010,2,6,June,22,2,Wednesday,13
9962,6/3/2010 11:35:00,2010,2,6,June,22,3,Thursday,11
10144,6/6/2010 13:48:00,2010,2,6,June,23,6,Sunday,13
10195,6/7/2010 11:38:00,2010,2,6,June,23,7,Monday,11
10222,6/7/2010 13:00:00,2010,2,6,June,23,7,Monday,13
10266,6/7/2010 17:12:00,2010,2,6,June,23,7,Monday,17
10280,6/8/2010 10:44:00,2010,2,6,June,23,8,Tuesday,10
10296,6/8/2010 12:12:00,2010,2,6,June,23,8,Tuesday,12
10396,6/9/2010 13:08:00,2010,2,6,June,23,9,Wednesday,13
10452,6/10/2010 11:17:00,2010,2,6,June,23,10,Thursday,11
10459,6/10/2010 12:15:00,2010,2,6,June,23,10,Thursday,12
10503,6/10/2010 16:21:00,2010,2,6,June,23,10,Thursday,16
10526,6/10/2010 19:07:00,2010,2,6,June,23,10,Thursday,19
10532,6/11/2010 8:41:00,2010,2,6,June,23,11,Friday,8
10569,6/11/2010 12:36:00,2010,2,6,June,23,11,Friday,12
10570,6/11/2010 12:45:00,2010,2,6,June,23,11,Friday,12
10571,6/11/2010 12:54:00,2010,2,6,June,23,11,Friday,12
10579,6/11/2010 13:28:00,2010,2,6,June,23,11,Friday,13
10592,6/11/2010 14:56:00,2010,2,6,June,23,11,Friday,14
10676,6/13/2010 14:53:00,2010,2,6,June,24,13,Sunday,14
10686,6/13/2010 16:10:00,2010,2,6,June,24,13,Sunday,16
10719,6/14/2010 13:31:00,2010,2,6,June,24,14,Monday,13
10782,6/15/2010 12:54:00,2010,2,6,June,24,15,Tuesday,12
10805,6/15/2010 15:03:00,2010,2,6,June,24,15,Tuesday,15
10807,6/15/2010 15:20:00,2010,2,6,June,24,15,Tuesday,15
10867,6/16/2010 13:22:00,2010,2,6,June,24,16,Wednesday,13
10878,6/16/2010 14:26:00,2010,2,6,June,24,16,Wednesday,14
10950,6/17/2010 14:04:00,2010,2,6,June,24,17,Thursday,14
10992,6/17/2010 19:28:00,2010,2,6,June,24,17,Thursday,19
11024,6/18/2010 12:46:00,2010,2,6,June,24,18,Friday,12
11116,6/22/2010 9:04:00,2010,2,6,June,25,22,Tuesday,9
11188,6/23/2010 12:49:00,2010,2,6,June,25,23,Wednesday,12
11208,6/23/2010 15:40:00,2010,2,6,June,25,23,Wednesday,15
11227,6/24/2010 9:29:00,2010,2,6,June,25,24,Thursday,9
11280,6/24/2010 13:42:00,2010,2,6,June,25,24,Thursday,13
11373,6/27/2010 10:54:00,2010,2,6,June,26,27,Sunday,10
11388,6/27/2010 12:07:00,2010,2,6,June,26,27,Sunday,12
11399,6/27/2010 12:54:00,2010,2,6,June,26,27,Sunday,12
11427,6/28/2010 9:55:00,2010,2,6,June,26,28,Monday,9
11529,6/29/2010 12:07:00,2010,2,6,June,26,29,Tuesday,12
11545,6/29/2010 13:14:00,2010,2,6,June,26,29,Tuesday,13
11613,6/30/2010 10:45:00,2010,2,6,June,26,30,Wednesday,10
11715,7/1/2010 11:51:00,2010,3,7,July,26,1,Thursday,11
11742,7/1/2010 13:42:00,2010,3,7,July,26,1,Thursday,13
11759,7/1/2010 14:49:00,2010,3,7,July,26,1,Thursday,14
11795,7/2/2010 10:41:00,2010,3,7,July,26,2,Friday,10
11854,7/4/2010 13:59:00,2010,3,7,July,27,4,Sunday,13
11913,7/5/2010 12:49:00,2010,3,7,July,27,5,Monday,12
11986,7/6/2010 12:19:00,2010,3,7,July,27,6,Tuesday,12
11987,7/6/2010 12:21:00,2010,3,7,July,27,6,Tuesday,12
12014,7/6/2010 16:52:00,2010,3,7,July,27,6,Tuesday,16
12023,7/7/2010 9:41:00,2010,3,7,July,27,7,Wednesday,9
12025,7/7/2010 9:49:00,2010,3,7,July,27,7,Wednesday,9
12042,7/7/2010 11:23:00,2010,3,7,July,27,7,Wednesday,11
12162,7/8/2010 16:08:00,2010,3,7,July,27,8,Thursday,16
12220,7/11/2010 11:35:00,2010,3,7,July,28,11,Sunday,11
12250,7/12/2010 10:37:00,2010,3,7,July,28,12,Monday,10
12289,7/12/2010 15:58:00,2010,3,7,July,28,12,Monday,15
12378,7/14/2010 12:07:00,2010,3,7,July,28,14,Wednesday,12
12395,7/14/2010 12:39:00,2010,3,7,July,28,14,Wednesday,12
12471,7/15/2010 11:19:00,2010,3,7,July,28,15,Thursday,11
12484,7/15/2010 12:09:00,2010,3,7,July,28,15,Thursday,12
12502,7/15/2010 13:33:00,2010,3,7,July,28,15,Thursday,13
12514,7/15/2010 14:47:00,2010,3,7,July,28,15,Thursday,14
12532,7/15/2010 18:07:00,2010,3,7,July,28,15,Thursday,18
12534,7/15/2010 18:47:00,2010,3,7,July,28,15,Thursday,18
12539,7/15/2010 20:16:00,2010,3,7,July,28,15,Thursday,20
12696,7/19/2010 12:07:00,2010,3,7,July,29,19,Monday,12
12709,7/19/2010 13:11:00,2010,3,7,July,29,19,Monday,13
12711,7/19/2010 13:23:00,2010,3,7,July,29,19,Monday,13
12758,7/20/2010 11:06:00,2010,3,7,July,29,20,Tuesday,11
12799,7/20/2010 17:22:00,2010,3,7,July,29,20,Tuesday,17
12810,7/21/2010 10:11:00,2010,3,7,July,29,21,Wednesday,10
12869,7/21/2010 14:48:00,2010,3,7,July,29,21,Wednesday,14
12905,7/22/2010 12:25:00,2010,3,7,July,29,22,Thursday,12
12909,7/22/2010 12:29:00,2010,3,7,July,29,22,Thursday,12
12972,7/23/2010 11:09:00,2010,3,7,July,29,23,Friday,11
13056,7/25/2010 15:25:00,2010,3,7,July,30,25,Sunday,15
13105,7/26/2010 12:34:00,2010,3,7,July,30,26,Monday,12
13139,7/26/2010 16:55:00,2010,3,7,July,30,26,Monday,16
13171,7/27/2010 11:58:00,2010,3,7,July,30,27,Tuesday,11
13175,7/27/2010 12:10:00,2010,3,7,July,30,27,Tuesday,12
13237,7/28/2010 11:40:00,2010,3,7,July,30,28,Wednesday,11
13416,7/30/2010 11:36:00,2010,3,7,July,30,30,Friday,11
13437,7/30/2010 13:25:00,2010,3,7,July,30,30,Friday,13
13490,8/1/2010 15:20:00,2010,3,8,August,31,1,Sunday,15
13621,8/3/2010 14:42:00,2010,3,8,August,31,3,Tuesday,14
13663,8/4/2010 12:45:00,2010,3,8,August,31,4,Wednesday,12
13789,8/6/2010 13:54:00,2010,3,8,August,31,6,Friday,13
13799,8/6/2010 14:51:00,2010,3,8,August,31,6,Friday,14
13828,8/8/2010 12:16:00,2010,3,8,August,32,8,Sunday,12
13831,8/8/2010 12:23:00,2010,3,8,August,32,8,Sunday,12
13879,8/9/2010 12:28:00,2010,3,8,August,32,9,Monday,12
13907,8/9/2010 17:45:00,2010,3,8,August,32,9,Monday,17
13939,8/10/2010 13:01:00,2010,3,8,August,32,10,Tuesday,13
13968,8/10/2010 17:02:00,2010,3,8,August,32,10,Tuesday,17
14009,8/11/2010 15:13:00,2010,3,8,August,32,11,Wednesday,15
14128,8/12/2010 18:49:00,2010,3,8,August,32,12,Thursday,18
14144,8/13/2010 10:10:00,2010,3,8,August,32,13,Friday,10
14157,8/13/2010 11:27:00,2010,3,8,August,32,13,Friday,11
14214,8/15/2010 11:22:00,2010,3,8,August,33,15,Sunday,11
14245,8/15/2010 14:13:00,2010,3,8,August,33,15,Sunday,14
14320,8/17/2010 10:29:00,2010,3,8,August,33,17,Tuesday,10
14349,8/17/2010 13:49:00,2010,3,8,August,33,17,Tuesday,13
14360,8/17/2010 15:08:00,2010,3,8,August,33,17,Tuesday,15
14365,8/17/2010 15:17:00,2010,3,8,August,33,17,Tuesday,15
14386,8/18/2010 11:38:00,2010,3,8,August,33,18,Wednesday,11
14457,8/19/2010 12:35:00,2010,3,8,August,33,19,Thursday,12
14474,8/19/2010 14:34:00,2010,3,8,August,33,19,Thursday,14
14486,8/19/2010 16:18:00,2010,3,8,August,33,19,Thursday,16
14592,8/22/2010 13:10:00,2010,3,8,August,34,22,Sunday,13
14645,8/23/2010 11:22:00,2010,3,8,August,34,23,Monday,11
14730,8/24/2010 14:20:00,2010,3,8,August,34,24,Tuesday,14
14844,8/26/2010 9:38:00,2010,3,8,August,34,26,Thursday,9
14952,8/27/2010 15:12:00,2010,3,8,August,34,27,Friday,15
14990,8/29/2010 15:40:00,2010,3,8,August,35,29,Sunday,15
15117,9/1/2010 13:57:00,2010,3,9,September,35,1,Wednesday,13
15173,9/2/2010 12:26:00,2010,3,9,September,35,2,Thursday,12
15305,9/3/2010 17:24:00,2010,3,9,September,35,3,Friday,17
15313,9/5/2010 11:16:00,2010,3,9,September,36,5,Sunday,11
15381,9/6/2010 14:37:00,2010,3,9,September,36,6,Monday,14
15459,9/8/2010 10:43:00,2010,3,9,September,36,8,Wednesday,10
15470,9/8/2010 12:33:00,2010,3,9,September,36,8,Wednesday,12
15514,9/9/2010 11:39:00,2010,3,9,September,36,9,Thursday,11
15525,9/9/2010 12:29:00,2010,3,9,September,36,9,Thursday,12
15595,9/10/2010 10:09:00,2010,3,9,September,36,10,Friday,10
15677,9/12/2010 15:15:00,2010,3,9,September,37,12,Sunday,15
15709,9/13/2010 10:44:00,2010,3,9,September,37,13,Monday,10
15808,9/14/2010 13:53:00,2010,3,9,September,37,14,Tuesday,13
15836,9/14/2010 17:50:00,2010,3,9,September,37,14,Tuesday,17
15845,9/15/2010 10:43:00,2010,3,9,September,37,15,Wednesday,10
15901,9/15/2010 16:22:00,2010,3,9,September,37,15,Wednesday,16
15988,9/16/2010 16:59:00,2010,3,9,September,37,16,Thursday,16
16014,9/17/2010 10:42:00,2010,3,9,September,37,17,Friday,10
16019,9/17/2010 10:55:00,2010,3,9,September,37,17,Friday,10
16037,9/17/2010 11:54:00,2010,3,9,September,37,17,Friday,11
16159,9/20/2010 12:34:00,2010,3,9,September,38,20,Monday,12
16165,9/20/2010 13:08:00,2010,3,9,September,38,20,Monday,13
16174,9/20/2010 13:57:00,2010,3,9,September,38,20,Monday,13
16200,9/20/2010 15:33:00,2010,3,9,September,38,20,Monday,15
16322,9/21/2010 19:44:00,2010,3,9,September,38,21,Tuesday,19
16363,9/22/2010 10:22:00,2010,3,9,September,38,22,Wednesday,10
16379,9/22/2010 11:55:00,2010,3,9,September,38,22,Wednesday,11
16653,9/26/2010 16:06:00,2010,3,9,September,39,26,Sunday,16
16663,9/27/2010 9:57:00,2010,3,9,September,39,27,Monday,9
16683,9/27/2010 11:57:00,2010,3,9,September,39,27,Monday,11
16736,9/27/2010 16:12:00,2010,3,9,September,39,27,Monday,16
16764,9/28/2010 9:34:00,2010,3,9,September,39,28,Tuesday,9
16864,9/28/2010 16:46:00,2010,3,9,September,39,28,Tuesday,16
17079,9/30/2010 15:55:00,2010,3,9,September,39,30,Thursday,15
17100,9/30/2010 18:29:00,2010,3,9,September,39,30,Thursday,18
17101,9/30/2010 18:32:00,2010,3,9,September,39,30,Thursday,18
17171,10/1/2010 14:57:00,2010,4,10,October,39,1,Friday,14
17186,10/1/2010 15:52:00,2010,4,10,October,39,1,Friday,15
17208,10/3/2010 11:17:00,2010,4,10,October,40,3,Sunday,11
17240,10/3/2010 13:45:00,2010,4,10,October,40,3,Sunday,13
17311,10/4/2010 12:44:00,2010,4,10,October,40,4,Monday,12
17377,10/5/2010 10:14:00,2010,4,10,October,40,5,Tuesday,10
17444,10/5/2010 14:29:00,2010,4,10,October,40,5,Tuesday,14
17451,10/5/2010 14:52:00,2010,4,10,October,40,5,Tuesday,14
17457,10/5/2010 15:17:00,2010,4,10,October,40,5,Tuesday,15
17532,10/6/2010 10:50:00,2010,4,10,October,40,6,Wednesday,10
17621,10/7/2010 11:52:00,2010,4,10,October,40,7,Thursday,11
17681,10/7/2010 16:08:00,2010,4,10,October,40,7,Thursday,16
17691,10/7/2010 16:33:00,2010,4,10,October,40,7,Thursday,16
17768,10/8/2010 13:14:00,2010,4,10,October,40,8,Friday,13
17884,10/11/2010 8:30:00,2010,4,10,October,41,11,Monday,8
17929,10/11/2010 13:34:00,2010,4,10,October,41,11,Monday,13
17932,10/11/2010 13:38:00,2010,4,10,October,41,11,Monday,13
17979,10/11/2010 17:08:00,2010,4,10,October,41,11,Monday,17
17997,10/12/2010 9:53:00,2010,4,10,October,41,12,Tuesday,9
18083,10/12/2010 16:08:00,2010,4,10,October,41,12,Tuesday,16
18142,10/13/2010 11:39:00,2010,4,10,October,41,13,Wednesday,11
18147,10/13/2010 11:52:00,2010,4,10,October,41,13,Wednesday,11
18160,10/13/2010 12:36:00,2010,4,10,October,41,13,Wednesday,12
18164,10/13/2010 12:50:00,2010,4,10,October,41,13,Wednesday,12
18217,10/14/2010 9:35:00,2010,4,10,October,41,14,Thursday,9
18239,10/14/2010 11:57:00,2010,4,10,October,41,14,Thursday,11
18331,10/15/2010 10:39:00,2010,4,10,October,41,15,Friday,10
18411,10/15/2010 15:27:00,2010,4,10,October,41,15,Friday,15
18425,10/15/2010 16:20:00,2010,4,10,October,41,15,Friday,16
18460,10/17/2010 13:16:00,2010,4,10,October,42,17,Sunday,13
18472,10/17/2010 14:30:00,2010,4,10,October,42,17,Sunday,14
18495,10/17/2010 16:24:00,2010,4,10,October,42,17,Sunday,16
18558,10/18/2010 12:24:00,2010,4,10,October,42,18,Monday,12
18596,10/18/2010 14:20:00,2010,4,10,October,42,18,Monday,14
18601,10/18/2010 14:48:00,2010,4,10,October,42,18,Monday,14
18701,10/19/2010 15:17:00,2010,4,10,October,42,19,Tuesday,15
18761,10/20/2010 13:11:00,2010,4,10,October,42,20,Wednesday,13
18780,10/20/2010 14:10:00,2010,4,10,October,42,20,Wednesday,14
18940,10/22/2010 9:22:00,2010,4,10,October,42,22,Friday,9
18960,10/22/2010 10:41:00,2010,4,10,October,42,22,Friday,10
18967,10/22/2010 11:07:00,2010,4,10,October,42,22,Friday,11
19191,10/26/2010 8:49:00,2010,4,10,October,43,26,Tuesday,8
19206,10/26/2010 10:34:00,2010,4,10,October,43,26,Tuesday,10
19254,10/26/2010 14:39:00,2010,4,10,October,43,26,Tuesday,14
19302,10/26/2010 18:38:00,2010,4,10,October,43,26,Tuesday,18
19414,10/28/2010 15:13:00,2010,4,10,October,43,28,Thursday,15
19492,10/29/2010 12:09:00,2010,4,10,October,43,29,Friday,12
19508,10/29/2010 13:42:00,2010,4,10,October,43,29,Friday,13
19559,10/31/2010 11:28:00,2010,4,10,October,44,31,Sunday,11
19577,10/31/2010 12:41:00,2010,4,10,October,44,31,Sunday,12
19622,11/1/2010 8:56:00,2010,4,11,November,44,1,Monday,8
19658,11/1/2010 11:57:00,2010,4,11,November,44,1,Monday,11
19725,11/2/2010 11:47:00,2010,4,11,November,44,2,Tuesday,11
19775,11/2/2010 15:57:00,2010,4,11,November,44,2,Tuesday,15
19836,11/3/2010 12:36:00,2010,4,11,November,44,3,Wednesday,12
20049,11/5/2010 8:21:00,2010,4,11,November,44,5,Friday,8
20155,11/7/2010 11:20:00,2010,4,11,November,45,7,Sunday,11
20207,11/7/2010 15:30:00,2010,4,11,November,45,7,Sunday,15
20225,11/8/2010 9:35:00,2010,4,11,November,45,8,Monday,9
20269,11/8/2010 13:35:00,2010,4,11,November,45,8,Monday,13
20278,11/8/2010 14:00:00,2010,4,11,November,45,8,Monday,14
20318,11/9/2010 9:02:00,2010,4,11,November,45,9,Tuesday,9
20337,11/9/2010 10:35:00,2010,4,11,November,45,9,Tuesday,10
20344,11/9/2010 10:58:00,2010,4,11,November,45,9,Tuesday,10
20405,11/9/2010 15:07:00,2010,4,11,November,45,9,Tuesday,15
20456,11/10/2010 9:35:00,2010,4,11,November,45,10,Wednesday,9
20497,11/10/2010 12:20:00,2010,4,11,November,45,10,Wednesday,12
20618,11/11/2010 12:18:00,2010,4,11,November,45,11,Thursday,12
20636,11/11/2010 13:13:00,2010,4,11,November,45,11,Thursday,13
20658,11/11/2010 14:31:00,2010,4,11,November,45,11,Thursday,14
20703,11/11/2010 17:51:00,2010,4,11,November,45,11,Thursday,17
20712,11/11/2010 18:11:00,2010,4,11,November,45,11,Thursday,18
20870,11/14/2010 11:39:00,2010,4,11,November,46,14,Sunday,11
20882,11/14/2010 12:31:00,2010,4,11,November,46,14,Sunday,12
20908,11/14/2010 14:00:00,2010,4,11,November,46,14,Sunday,14
20994,11/15/2010 14:15:00,2010,4,11,November,46,15,Monday,14
21033,11/15/2010 17:26:00,2010,4,11,November,46,15,Monday,17
21035,11/15/2010 17:41:00,2010,4,11,November,46,15,Monday,17
21037,11/15/2010 17:44:00,2010,4,11,November,46,15,Monday,17
21087,11/16/2010 12:52:00,2010,4,11,November,46,16,Tuesday,12
21104,11/16/2010 14:01:00,2010,4,11,November,46,16,Tuesday,14
21119,11/16/2010 15:24:00,2010,4,11,November,46,16,Tuesday,15
21257,11/17/2010 14:06:00,2010,4,11,November,46,17,Wednesday,14
21267,11/17/2010 15:20:00,2010,4,11,November,46,17,Wednesday,15
21279,11/17/2010 16:22:00,2010,4,11,November,46,17,Wednesday,16
21293,11/18/2010 10:06:00,2010,4,11,November,46,18,Thursday,10
21395,11/18/2010 19:55:00,2010,4,11,November,46,18,Thursday,19
21480,11/19/2010 13:58:00,2010,4,11,November,46,19,Friday,13
21493,11/19/2010 14:30:00,2010,4,11,November,46,19,Friday,14
21538,11/21/2010 11:39:00,2010,4,11,November,47,21,Sunday,11
21550,11/21/2010 12:38:00,2010,4,11,November,47,21,Sunday,12
21558,11/21/2010 13:15:00,2010,4,11,November,47,21,Sunday,13
21606,11/21/2010 16:14:00,2010,4,11,November,47,21,Sunday,16
21611,11/22/2010 8:55:00,2010,4,11,November,47,22,Monday,8
21777,11/23/2010 14:17:00,2010,4,11,November,47,23,Tuesday,14
21930,11/24/2010 13:49:00,2010,4,11,November,47,24,Wednesday,13
21974,11/24/2010 15:50:00,2010,4,11,November,47,24,Wednesday,15
22048,11/25/2010 13:10:00,2010,4,11,November,47,25,Thursday,13
22056,11/25/2010 13:30:00,2010,4,11,November,47,25,Thursday,13
22061,11/25/2010 13:42:00,2010,4,11,November,47,25,Thursday,13
22065,11/25/2010 13:53:00,2010,4,11,November,47,25,Thursday,13
22068,11/25/2010 14:03:00,2010,4,11,November,47,25,Thursday,14
22144,11/25/2010 19:41:00,2010,4,11,November,47,25,Thursday,19
22199,11/26/2010 13:54:00,2010,4,11,November,47,26,Friday,13
22229,11/26/2010 17:10:00,2010,4,11,November,47,26,Friday,17
22236,11/28/2010 10:33:00,2010,4,11,November,48,28,Sunday,10
22257,11/28/2010 11:52:00,2010,4,11,November,48,28,Sunday,11
22258,11/28/2010 11:57:00,2010,4,11,November,48,28,Sunday,11
22259,11/28/2010 11:59:00,2010,4,11,November,48,28,Sunday,11
22275,11/28/2010 12:54:00,2010,4,11,November,48,28,Sunday,12
22350,11/29/2010 11:40:00,2010,4,11,November,48,29,Monday,11
22351,11/29/2010 11:45:00,2010,4,11,November,48,29,Monday,11
22369,11/29/2010 12:42:00,2010,4,11,November,48,29,Monday,12
22379,11/29/2010 13:19:00,2010,4,11,November,48,29,Monday,13
22416,11/29/2010 16:32:00,2010,4,11,November,48,29,Monday,16
22437,11/30/2010 10:02:00,2010,4,11,November,48,30,Tuesday,10
22508,11/30/2010 13:46:00,2010,4,11,November,48,30,Tuesday,13
22535,11/30/2010 14:49:00,2010,4,11,November,48,30,Tuesday,14
22566,11/30/2010 17:55:00,2010,4,11,November,48,30,Tuesday,17
22596,12/1/2010 10:24:00,2010,4,12,December,48,1,Wednesday,10
22636,12/1/2010 13:17:00,2010,4,12,December,48,1,Wednesday,13
22678,12/1/2010 16:21:00,2010,4,12,December,48,1,Wednesday,16
22717,12/2/2010 10:46:00,2010,4,12,December,48,2,Thursday,10
22774,12/2/2010 14:40:00,2010,4,12,December,48,2,Thursday,14
22817,12/2/2010 17:12:00,2010,4,12,December,48,2,Thursday,17
22883,12/3/2010 13:42:00,2010,4,12,December,48,3,Friday,13
22893,12/3/2010 14:35:00,2010,4,12,December,48,3,Friday,14
22998,12/6/2010 8:43:00,2010,4,12,December,49,6,Monday,8
23066,12/6/2010 14:00:00,2010,4,12,December,49,6,Monday,14
23074,12/6/2010 14:46:00,2010,4,12,December,49,6,Monday,14
23076,12/6/2010 14:53:00,2010,4,12,December,49,6,Monday,14
23292,12/8/2010 15:35:00,2010,4,12,December,49,8,Wednesday,15
23300,12/8/2010 16:06:00,2010,4,12,December,49,8,Wednesday,16
23317,12/9/2010 9:34:00,2010,4,12,December,49,9,Thursday,9
23427,12/9/2010 16:53:00,2010,4,12,December,49,9,Thursday,16
23447,12/10/2010 10:22:00,2010,4,12,December,49,10,Friday,10
23460,12/10/2010 11:11:00,2010,4,12,December,49,10,Friday,11
23481,12/10/2010 12:48:00,2010,4,12,December,49,10,Friday,12
23490,12/10/2010 13:44:00,2010,4,12,December,49,10,Friday,13
23547,12/12/2010 12:51:00,2010,4,12,December,50,12,Sunday,12
23638,12/13/2010 17:10:00,2010,4,12,December,50,13,Monday,17
23642,12/14/2010 9:26:00,2010,4,12,December,50,14,Tuesday,9
23668,12/14/2010 10:51:00,2010,4,12,December,50,14,Tuesday,10
23728,12/14/2010 13:28:00,2010,4,12,December,50,14,Tuesday,13
23803,12/15/2010 12:43:00,2010,4,12,December,50,15,Wednesday,12
23822,12/15/2010 14:35:00,2010,4,12,December,50,15,Wednesday,14
23892,12/16/2010 11:35:00,2010,4,12,December,50,16,Thursday,11
24028,12/17/2010 14:23:00,2010,4,12,December,50,17,Friday,14
24043,12/17/2010 16:25:00,2010,4,12,December,50,17,Friday,16
24054,12/17/2010 17:33:00,2010,4,12,December,50,17,Friday,17
24055,12/17/2010 18:07:00,2010,4,12,December,50,17,Friday,18
24122,12/20/2010 13:54:00,2010,4,12,December,51,20,Monday,13
24161,12/21/2010 9:34:00,2010,4,12,December,51,21,Tuesday,9
24237,12/22/2010 16:19:00,2010,4,12,December,51,22,Wednesday,16